[{"model": "admin.logentry", "pk": 1, "fields": {"action_time": "2026-01-28T11:45:33.735Z", "user": 1, "content_type": 5, "object_id": "6", "object_repr": "Могилев", "action_flag": 2, "change_message": "[]"}}, {"model": "admin.logentry", "pk": 2, "fields": {"action_time": "2026-01-28T11:45:49.491Z", "user": 1, "content_type": 5, "object_id": "6", "object_repr": "Могилев", "action_flag": 2, "change_message": "[{\"changed\": {\"fields\": [\"Url\"]}}]"}}, {"model": "admin.logentry", "pk": 3, "fields": {"action_time": "2026-01-28T11:45:56.591Z", "user": 1, "content_type": 5, "object_id": "5", "object_repr": "Витебск", "action_flag": 2, "change_message": "[{\"changed\": {\"fields\": [\"Url\"]}}]"}}, {"model": "admin.logentry", "pk": 4, "fields": {"action_time": "2026-01-28T11:46:05.233Z", "user": 1, "content_type": 5, "object_id": "4", "object_repr": "Гомель", "action_flag": 2, "change_message": "[{\"changed\": {\"fields\": [\"Url\"]}}]"}}, {"model": "admin.logentry", "pk": 5, "fields": {"action_time": "2026-01-28T11:46:15.730Z", "user": 1, "content_type": 5, "object_id": "3", "object_repr": "Гродно", "action_flag": 2, "change_message": "[{\"changed\": {\"fields\": [\"Url\"]}}]"}}, {"model": "admin.logentry", "pk": 6, "fields": {"action_time": "2026-01-28T11:46:20.994Z", "user": 1, "content_type": 5, "object_id": "2", "object_repr": "Брест", "action_flag": 2, "change_message": "[{\"changed\": {\"fields\": [\"Url\"]}}]"}}, {"model": "admin.logentry", "pk": 7, "fields": {"action_time": "2026-01-28T11:46:26.240Z", "user": 1, "content_type": 5, "object_id": "1", "object_repr": "Минск", "action_flag": 2, "change_message": "[{\"changed\": {\"fields\": [\"Url\"]}}]"}}, {"model": "admin.logentry", "pk": 8, "fields": {"action_time": "2026-01-28T11:46:54.406Z", "user": 1, "content_type": 5, "object_id": "7", "object_repr": "Любой город", "action_flag": 1, "change_message": "[{\"added\": {}}]"}}, {"model": "admin.logentry", "pk": 9, "fields": {"action_time": "2026-01-28T11:48:17.784Z", "user": 1, "content_type": 5, "object_id": "7", "object_repr": "Любой город", "action_flag": 2, "change_message": "[{\"changed\": {\"fields\": [\"Url\"]}}]"}}, {"model": "admin.logentry", "pk": 10, "fields": {"action_time": "2026-01-30T09:58:16.510Z", "user": 1, "content_type": 6, "object_id": "10", "object_repr": "Кофемашина BaristaPro sfdsf", "action_flag": 2, "change_message": "[{\"changed\": {\"fields\": [\"Url\"]}}]"}}, {"model": "admin.logentry", "pk": 11, "fields": {"action_time": "2026-01-30T10:15:19.084Z", "user": 1, "content_type": 6, "object_id": "14", "object_repr": "23werwerwerwe", "action_flag": 3, "change_message": ""}}, {"model": "admin.logentry", "pk": 12, "fields": {"action_time": "2026-01-30T10:15:25.871Z", "user": 1, "content_type": 6, "object_id": "13", "object_repr": "dfsdfsdfs", "action_flag": 3, "change_message": ""}}, {"model": "admin.logentry", "pk": 13, "fields": {"action_time": "2026-01-30T10:15:37.140Z", "user": 1, "content_type": 6, "object_id": "12", "object_repr": "Зимняя куртка Arctic Pro fsfsdfsd", "action_flag": 3, "change_message": ""}}, {"model": "admin.logentry", "pk": 14, "fields": {"action_time": "2026-01-30T10:15:46.890Z", "user": 1, "content_type": 6, "object_id": "11", "object_repr": "Микроволновая печь HomeChef  dfsd", "action_flag": 3, "change_message": ""}}, {"model": "admin.logentry", "pk": 15, "fields": {"action_time": "2026-01-30T10:15:53.793Z", "user": 1, "content_type": 6, "object_id": "10", "object_repr": "Кофемашина BaristaPro sfdsf", "action_flag": 3, "change_message": ""}}, {"model": "admin.logentry", "pk": 16, "fields": {"action_time": "2026-01-30T10:22:19.078Z", "user": 1, "content_type": 6, "object_id": "18", "object_repr": "Гантельный набор PowerGym 20кг33", "action_flag": 3, "change_message": ""}}, {"model": "admin.logentry", "pk": 17, "fields": {"action_time": "2026-01-30T10:22:29.583Z", "user": 1, "content_type": 6, "object_id": "17", "object_repr": "Кофемашина BaristaProdd", "action_flag": 3, "change_message": ""}}, {"model": "admin.logentry", "pk": 18, "fields": {"action_time": "2026-01-30T10:22:35.847Z", "user": 1, "content_type": 6, "object_id": "16", "object_repr": "Зимняя куртка Arctic Prosdfsd", "action_flag": 3, "change_message": ""}}, {"model": "admin.logentry", "pk": 19, "fields": {"action_time": "2026-01-30T10:22:46.574Z", "user": 1, "content_type": 6, "object_id": "15", "object_repr": "автомобиль audi Q7", "action_flag": 3, "change_message": ""}}, {"model": "admin.logentry", "pk": 20, "fields": {"action_time": "2026-01-30T10:37:23.720Z", "user": 1, "content_type": 6, "object_id": "19", "object_repr": "ыаываыа", "action_flag": 3, "change_message": ""}}, {"model": "admin.logentry", "pk": 21, "fields": {"action_time": "2026-02-01T14:44:55.265Z", "user": 1, "content_type": 4, "object_id": "2", "object_repr": "artemdjdj", "action_flag": 2, "change_message": "[{\"changed\": {\"fields\": [\"\\u041e\\u043f\\u0438\\u0441\\u0430\\u043d\\u0438\\u0435 \\u043f\\u0440\\u043e\\u0444\\u0438\\u043b\\u044f\"]}}]"}}, {"model": "admin.logentry", "pk": 22, "fields": {"action_time": "2026-02-02T06:23:55.716Z", "user": 1, "content_type": 6, "object_id": "25", "object_repr": "Audi", "action_flag": 3, "change_message": ""}}, {"model": "admin.logentry", "pk": 23, "fields": {"action_time": "2026-02-02T06:24:01.119Z", "user": 1, "content_type": 6, "object_id": "24", "object_repr": "jslfjlsdhfkjhskf", "action_flag": 3, "change_message": ""}}, {"model": "admin.logentry", "pk": 24, "fields": {"action_time": "2026-02-02T06:24:10.372Z", "user": 1, "content_type": 6, "object_id": "23", "object_repr": "2342342342", "action_flag": 3, "change_message": ""}}, {"model": "admin.logentry", "pk": 25, "fields": {"action_time": "2026-02-02T06:24:17.112Z", "user": 1, "content_type": 6, "object_id": "22", "object_repr": "fsdfsfewrwe", "action_flag": 3, "change_message": ""}}, {"model": "admin.logentry", "pk": 26, "fields": {"action_time": "2026-02-02T06:25:02.880Z", "user": 1, "content_type": 6, "object_id": "20", "object_repr": "Деловой костюм \"Бизнес\"fff", "action_flag": 3, "change_message": ""}}, {"model": "admin.logentry", "pk": 27, "fields": {"action_time": "2026-02-02T06:25:09.389Z", "user": 1, "content_type": 6, "object_id": "21", "object_repr": "Зимняя Arctic Profffk fusgjfd", "action_flag": 3, "change_message": ""}}, {"model": "auth.permission", "pk": 1, "fields": {"name": "Can add permission", "content_type": 2, "codename": "add_permission"}}, {"model": "auth.permission", "pk": 2, "fields": {"name": "Can change permission", "content_type": 2, "codename": "change_permission"}}, {"model": "auth.permission", "pk": 3, "fields": {"name": "Can delete permission", "content_type": 2, "codename": "delete_permission"}}, {"model": "auth.permission", "pk": 4, "fields": {"name": "Can view permission", "content_type": 2, "codename": "view_permission"}}, {"model": "auth.permission", "pk": 5, "fields": {"name": "Can add group", "content_type": 1, "codename": "add_group"}}, {"model": "auth.permission", "pk": 6, "fields": {"name": "Can change group", "content_type": 1, "codename": "change_group"}}, {"model": "auth.permission", "pk": 7, "fields": {"name": "Can delete group", "content_type": 1, "codename": "delete_group"}}, {"model": "auth.permission", "pk": 8, "fields": {"name": "Can view group", "content_type": 1, "codename": "view_group"}}, {"model": "auth.permission", "pk": 9, "fields": {"name": "Can add content type", "content_type": 3, "codename": "add_contenttype"}}, {"model": "auth.permission", "pk": 10, "fields": {"name": "Can change content type", "content_type": 3, "codename": "change_contenttype"}}, {"model": "auth.permission", "pk": 11, "fields": {"name": "Can delete content type", "content_type": 3, "codename": "delete_contenttype"}}, {"model": "auth.permission", "pk": 12, "fields": {"name": "Can view content type", "content_type": 3, "codename": "view_contenttype"}}, {"model": "auth.permission", "pk": 13, "fields": {"name": "Can add Пользователю", "content_type": 4, "codename": "add_user"}}, {"model": "auth.permission", "pk": 14, "fields": {"name": "Can change Пользователю", "content_type": 4, "codename": "change_user"}}, {"model": "auth.permission", "pk": 15, "fields": {"name": "Can delete Пользователю", "content_type": 4, "codename": "delete_user"}}, {"model": "auth.permission", "pk": 16, "fields": {"name": "Can view Пользователю", "content_type": 4, "codename": "view_user"}}, {"model": "auth.permission", "pk": 17, "fields": {"name": "Can add изображение товара", "content_type": 8, "codename": "add_productimage"}}, {"model": "auth.permission", "pk": 18, "fields": {"name": "Can change изображение товара", "content_type": 8, "codename": "change_productimage"}}, {"model": "auth.permission", "pk": 19, "fields": {"name": "Can delete изображение товара", "content_type": 8, "codename": "delete_productimage"}}, {"model": "auth.permission", "pk": 20, "fields": {"name": "Can view изображение товара", "content_type": 8, "codename": "view_productimage"}}, {"model": "auth.permission", "pk": 21, "fields": {"name": "Can add город", "content_type": 5, "codename": "add_city"}}, {"model": "auth.permission", "pk": 22, "fields": {"name": "Can change город", "content_type": 5, "codename": "change_city"}}, {"model": "auth.permission", "pk": 23, "fields": {"name": "Can delete город", "content_type": 5, "codename": "delete_city"}}, {"model": "auth.permission", "pk": 24, "fields": {"name": "Can view город", "content_type": 5, "codename": "view_city"}}, {"model": "auth.permission", "pk": 25, "fields": {"name": "Can add категорию", "content_type": 7, "codename": "add_productcategory"}}, {"model": "auth.permission", "pk": 26, "fields": {"name": "Can change категорию", "content_type": 7, "codename": "change_productcategory"}}, {"model": "auth.permission", "pk": 27, "fields": {"name": "Can delete категорию", "content_type": 7, "codename": "delete_productcategory"}}, {"model": "auth.permission", "pk": 28, "fields": {"name": "Can view категорию", "content_type": 7, "codename": "view_productcategory"}}, {"model": "auth.permission", "pk": 29, "fields": {"name": "Can add продукт", "content_type": 6, "codename": "add_product"}}, {"model": "auth.permission", "pk": 30, "fields": {"name": "Can change продукт", "content_type": 6, "codename": "change_product"}}, {"model": "auth.permission", "pk": 31, "fields": {"name": "Can delete продукт", "content_type": 6, "codename": "delete_product"}}, {"model": "auth.permission", "pk": 32, "fields": {"name": "Can view продукт", "content_type": 6, "codename": "view_product"}}, {"model": "auth.permission", "pk": 33, "fields": {"name": "Can add отзыв", "content_type": 9, "codename": "add_review"}}, {"model": "auth.permission", "pk": 34, "fields": {"name": "Can change отзыв", "content_type": 9, "codename": "change_review"}}, {"model": "auth.permission", "pk": 35, "fields": {"name": "Can delete отзыв", "content_type": 9, "codename": "delete_review"}}, {"model": "auth.permission", "pk": 36, "fields": {"name": "Can view отзыв", "content_type": 9, "codename": "view_review"}}, {"model": "auth.permission", "pk": 37, "fields": {"name": "Can add log entry", "content_type": 10, "codename": "add_logentry"}}, {"model": "auth.permission", "pk": 38, "fields": {"name": "Can change log entry", "content_type": 10, "codename": "change_logentry"}}, {"model": "auth.permission", "pk": 39, "fields": {"name": "Can delete log entry", "content_type": 10, "codename": "delete_logentry"}}, {"model": "auth.permission", "pk": 40, "fields": {"name": "Can view log entry", "content_type": 10, "codename": "view_logentry"}}, {"model": "auth.permission", "pk": 41, "fields": {"name": "Can add session", "content_type": 11, "codename": "add_session"}}, {"model": "auth.permission", "pk": 42, "fields": {"name": "Can change session", "content_type": 11, "codename": "change_session"}}, {"model": "auth.permission", "pk": 43, "fields": {"name": "Can delete session", "content_type": 11, "codename": "delete_session"}}, {"model": "auth.permission", "pk": 44, "fields": {"name": "Can view session", "content_type": 11, "codename": "view_session"}}, {"model": "auth.permission", "pk": 45, "fields": {"name": "Can add site", "content_type": 12, "codename": "add_site"}}, {"model": "auth.permission", "pk": 46, "fields": {"name": "Can change site", "content_type": 12, "codename": "change_site"}}, {"model": "auth.permission", "pk": 47, "fields": {"name": "Can delete site", "content_type": 12, "codename": "delete_site"}}, {"model": "auth.permission", "pk": 48, "fields": {"name": "Can view site", "content_type": 12, "codename": "view_site"}}, {"model": "auth.permission", "pk": 49, "fields": {"name": "Can add email address", "content_type": 13, "codename": "add_emailaddress"}}, {"model": "auth.permission", "pk": 50, "fields": {"name": "Can change email address", "content_type": 13, "codename": "change_emailaddress"}}, {"model": "auth.permission", "pk": 51, "fields": {"name": "Can delete email address", "content_type": 13, "codename": "delete_emailaddress"}}, {"model": "auth.permission", "pk": 52, "fields": {"name": "Can view email address", "content_type": 13, "codename": "view_emailaddress"}}, {"model": "auth.permission", "pk": 53, "fields": {"name": "Can add email confirmation", "content_type": 14, "codename": "add_emailconfirmation"}}, {"model": "auth.permission", "pk": 54, "fields": {"name": "Can change email confirmation", "content_type": 14, "codename": "change_emailconfirmation"}}, {"model": "auth.permission", "pk": 55, "fields": {"name": "Can delete email confirmation", "content_type": 14, "codename": "delete_emailconfirmation"}}, {"model": "auth.permission", "pk": 56, "fields": {"name": "Can view email confirmation", "content_type": 14, "codename": "view_emailconfirmation"}}, {"model": "auth.permission", "pk": 57, "fields": {"name": "Can add social account", "content_type": 15, "codename": "add_socialaccount"}}, {"model": "auth.permission", "pk": 58, "fields": {"name": "Can change social account", "content_type": 15, "codename": "change_socialaccount"}}, {"model": "auth.permission", "pk": 59, "fields": {"name": "Can delete social account", "content_type": 15, "codename": "delete_socialaccount"}}, {"model": "auth.permission", "pk": 60, "fields": {"name": "Can view social account", "content_type": 15, "codename": "view_socialaccount"}}, {"model": "auth.permission", "pk": 61, "fields": {"name": "Can add social application", "content_type": 16, "codename": "add_socialapp"}}, {"model": "auth.permission", "pk": 62, "fields": {"name": "Can change social application", "content_type": 16, "codename": "change_socialapp"}}, {"model": "auth.permission", "pk": 63, "fields": {"name": "Can delete social application", "content_type": 16, "codename": "delete_socialapp"}}, {"model": "auth.permission", "pk": 64, "fields": {"name": "Can view social application", "content_type": 16, "codename": "view_socialapp"}}, {"model": "auth.permission", "pk": 65, "fields": {"name": "Can add social application token", "content_type": 17, "codename": "add_socialtoken"}}, {"model": "auth.permission", "pk": 66, "fields": {"name": "Can change social application token", "content_type": 17, "codename": "change_socialtoken"}}, {"model": "auth.permission", "pk": 67, "fields": {"name": "Can delete social application token", "content_type": 17, "codename": "delete_socialtoken"}}, {"model": "auth.permission", "pk": 68, "fields": {"name": "Can view social application token", "content_type": 17, "codename": "view_socialtoken"}}, {"model": "contenttypes.contenttype", "pk": 1, "fields": {"app_label": "auth", "model": "group"}}, {"model": "contenttypes.contenttype", "pk": 2, "fields": {"app_label": "auth", "model": "permission"}}, {"model": "contenttypes.contenttype", "pk": 3, "fields": {"app_label": "contenttypes", "model": "contenttype"}}, {"model": "contenttypes.contenttype", "pk": 4, "fields": {"app_label": "users", "model": "user"}}, {"model": "contenttypes.contenttype", "pk": 5, "fields": {"app_label": "products", "model": "city"}}, {"model": "contenttypes.contenttype", "pk": 6, "fields": {"app_label": "products", "model": "product"}}, {"model": "contenttypes.contenttype", "pk": 7, "fields": {"app_label": "products", "model": "productcategory"}}, {"model": "contenttypes.contenttype", "pk": 8, "fields": {"app_label": "products", "model": "productimage"}}, {"model": "contenttypes.contenttype", "pk": 9, "fields": {"app_label": "reviews", "model": "review"}}, {"model": "contenttypes.contenttype", "pk": 10, "fields": {"app_label": "admin", "model": "logentry"}}, {"model": "contenttypes.contenttype", "pk": 11, "fields": {"app_label": "sessions", "model": "session"}}, {"model": "contenttypes.contenttype", "pk": 12, "fields": {"app_label": "sites", "model": "site"}}, {"model": "contenttypes.contenttype", "pk": 13, "fields": {"app_label": "account", "model": "emailaddress"}}, {"model": "contenttypes.contenttype", "pk": 14, "fields": {"app_label": "account", "model": "emailconfirmation"}}, {"model": "contenttypes.contenttype", "pk": 15, "fields": {"app_label": "socialaccount", "model": "socialaccount"}}, {"model": "contenttypes.contenttype", "pk": 16, "fields": {"app_label": "socialaccount", "model": "socialapp"}}, {"model": "contenttypes.contenttype", "pk": 17, "fields": {"app_label": "socialaccount", "model": "socialtoken"}}, {"model": "sessions.session", "pk": "2j7w3ay6fp6alcxmzskyrvty0z4o3vjr", "fields": {"session_data": ".eJxVjDsOwjAQBe_iGln-BH8o6XOGaNe7xgFkS3FSIe4OkVJA-2bmvcQE21qmrfMyzSQuwojT74aQHlx3QHeotyZTq-syo9wVedAux0b8vB7u30GBXr418-CDihQUG1BAoEmp7I2z6FNiz2eNg3aA0RIwJucgI7NVOeaQyIv3BwJ3OUk:1vlmLC:LqAHJr9q-rKVqHpkfESFSZ5G8EBJZtzG9IHDTRFLmpk", "expire_date": "2026-02-13T11:07:06.564Z"}}, {"model": "sessions.session", "pk": "2jtbkzutxg6v686u8yilfa3awieq710j", "fields": {"session_data": ".eJxVjEEOwiAQRe_C2hDKCIhL956BzDCMVA1NSrsy3l2bdKHb_977L5VwXWpae5nTyOqsBnX43Qjzo7QN8B3bbdJ5ass8kt4UvdOurxOX52V3_w4q9vqtMxO5oVgBoRDBe4AMR2O8iDkJB2TjBAkgSkErFgIGa6ODLBSFnHp_APyYOJA:1vl4y2:2IBwBLQaCuOTBKI_96wQerZy1u5XMSeKiti4lA-Ae14", "expire_date": "2026-02-11T12:48:18.881Z"}}, {"model": "sessions.session", "pk": "4jntbm8ny2ybdqshat9qi3b72txsx2sb", "fields": {"session_data": ".eJxVjEEOwiAQRe_C2hCgUxlcuu8ZyDCAVA0kpV0Z765NutDtf-_9l_C0rcVvPS1-juIitDj9boH4keoO4p3qrUludV3mIHdFHrTLqcX0vB7u30GhXr61whCsRiAkdpm1ZVJDdCOOZ6sNBnZAZAcbDSpi0sDGAugEEQdDOYv3B93cN8s:1vl4uO:Q7a3S5ctaMXQKrT7Nx_nrRJdNTMukYPr85WxW3nCzqY", "expire_date": "2026-02-11T12:44:32.296Z"}}, {"model": "sessions.session", "pk": "9zndfj9wn5sz4am4z7z84ao1a1fe20i3", "fields": {"session_data": ".eJxVjEEOgjAQRe_StWnaDlDq0j1nIDOdqUVNSSisjHcXEha6_e-9_1YjbmsetyrLOLG6KqsuvxthfEo5AD-w3Gcd57IuE-lD0SetephZXrfT_TvIWPNe-zY01pIXjgHE2NB2yRPFmKBnMMjoOpDOWHRCHna9RZcw9YAIRI36fAHnhDhV:1vmnGc:HZWjcn7uxRNW2jaGdAgTrTeJ5cr2vCyohv0gXwQaWZ0", "expire_date": "2026-02-16T06:18:34.621Z"}}, {"model": "sessions.session", "pk": "cw4hestijv1oabkfn1a5pdts7zjvyf06", "fields": {"session_data": ".eJxVjM0OwiAQhN-FsyEu8lM8eu8zkF1YpGogKe3J-O62SQ96mmS-b-YtAq5LCWvnOUxJXAWI029HGJ9cd5AeWO9NxlaXeSK5K_KgXY4t8et2uH8HBXvZ1toTUiTwCDYbe3aXZFRiAh7AeBcVRZXBImjPAC6SBme3tCqz10MSny_qoTfP:1vl4wl:7fD0U9HiSpyyvDHejh8RiaxASCNTT7D9mDGZ4A5ab_I", "expire_date": "2026-02-11T12:46:59.306Z"}}, {"model": "sessions.session", "pk": "gnnobjt7dq8vgmac00b6vi2eb6p3o1bo", "fields": {"session_data": ".eJxVjDsOwjAQBe_iGllZO_5R0nMGa23v4gBypDipEHeHSCmgfTPzXiLitta4dVriVMRZgDj9bgnzg9oOyh3bbZZ5busyJbkr8qBdXudCz8vh_h1U7PVbewPOk3VOg7YmGM-gA5JVAAPxOIZsLTnwiTUqBjCBkQdEl4IqPqF4fwCtJTdU:1vl7D9:4jVQM5ldTgFsnLN88tR06EwV3iriZR-ZM6t-0_l_rFs", "expire_date": "2026-02-11T15:12:03.625Z"}}, {"model": "sessions.session", "pk": "gov2r02hcxn4a7ui4wu5w3vdp4nv8tzy", "fields": {"session_data": ".eJxVjMsOwiAQRf-FtSG8BZfu-w1kmAGpGkhKuzL-uzbpQrf3nHNfLMK21riNvMSZ2IVJdvrdEuAjtx3QHdqtc-xtXebEd4UfdPCpU35eD_fvoMKo39qiNt5JSJS8AiARADw6YYUIJqNJkrQHUbCQKwUVlIxKWmFsoXPQib0__s042g:1vl7EB:pSPYTc4M-eIWJcMpLWY52sfINtKbxoodXWgI5BIBzzM", "expire_date": "2026-02-11T15:13:07.869Z"}}, {"model": "sessions.session", "pk": "i6dtb122qfgd8s2z3g2283d69i2dahuu", "fields": {"session_data": ".eJxVjDsOwjAQRO_iGln-xD9K-pzB2vXaOIAcKU4qxN1JpBSg6ea9mTeLsK01bj0vcSJ2ZZJdfjuE9MztAPSAdp95mtu6TMgPhZ-083Gm_Lqd7t9BhV73dRi8tXZAQueBbMhijzKOtPEyByyeRHFFeJCgCS3q4KzxDrUyUiViny_e4ze5:1vl5md:gXWlNsVqfu_dTSmoezt88-TUVdVciHwslaxvUdA1kxk", "expire_date": "2026-02-11T13:40:35.743Z"}}, {"model": "sessions.session", "pk": "u29mfba4lchaa7eu11phngpcc518rkd6", "fields": {"session_data": ".eJxVjDEOwjAMRe-SGUWEOE7DyM4ZIjt2aAG1UtNOiLtDpQ6w_vfef5lM69LntemcBzFn48zhd2MqDx03IHcab5Mt07jMA9tNsTtt9jqJPi-7-3fQU-u_dYSUGBwWSszguQOMol3gemLQil04ChZMWKUoUPJBXfDgI8aKlKp5fwDmoDf9:1vl7Bd:yzCGo6sA6vMPFqfX5jGVV5dlzf2s2wHLa1zq5q2Olx8", "expire_date": "2026-02-11T15:10:29.135Z"}}, {"model": "sessions.session", "pk": "uuv1fyzkywl2d0weedtd4rurf9e5hs26", "fields": {"session_data": ".eJxVjDsOwjAQBe_iGln-BH8o6XOGaNe7xgFkS3FSIe4OkVJA-2bmvcQE21qmrfMyzSQuwojT74aQHlx3QHeotyZTq-syo9wVedAux0b8vB7u30GBXr418-CDihQUG1BAoEmp7I2z6FNiz2eNg3aA0RIwJucgI7NVOeaQyIv3BwJ3OUk:1vlmR0:4ZRfSuEczvk_4EeO_wxwv3Fv_8odq9GMmw5Z_pZg5a4", "expire_date": "2026-02-13T11:13:06.616Z"}}, {"model": "sessions.session", "pk": "w1gf9w7ah41lg2lyf0xdxvan9bpgddcd", "fields": {"session_data": ".eJxVjDsOwjAQBe_iGln-BH8o6XOGaNe7xgFkS3FSIe4OkVJA-2bmvcQE21qmrfMyzSQuwojT74aQHlx3QHeotyZTq-syo9wVedAux0b8vB7u30GBXr418-CDihQUG1BAoEmp7I2z6FNiz2eNg3aA0RIwJucgI7NVOeaQyIv3BwJ3OUk:1vmYhZ:MckVFjRK3zqgK-AVJ4H9U7U_cJ5AK7Zam77isltWyuk", "expire_date": "2026-02-15T14:45:25.563Z"}}, {"model": "sites.site", "pk": 1, "fields": {"domain": "localhost:8000", "name": "localhost"}}, {"model": "account.emailaddress", "pk": 1, "fields": {"user": 3, "email": "artembasura1@gmail.com", "verified": true, "primary": true}}, {"model": "account.emailaddress", "pk": 2, "fields": {"user": 4, "email": "rivikiwi.startup@gmail.com", "verified": false, "primary": true}}, {"model": "account.emailaddress", "pk": 3, "fields": {"user": 5, "email": "artembasuraa@gmail.com", "verified": true, "primary": true}}, {"model": "account.emailaddress", "pk": 4, "fields": {"user": 6, "email": "artembashura@yandex.by", "verified": true, "primary": true}}, {"model": "socialaccount.socialaccount", "pk": 1, "fields": {"user": 3, "provider": "google", "uid": "113185446951137603408", "last_login": "2026-01-30T07:35:18.832Z", "date_joined": "2026-01-30T06:49:24.221Z", "extra_data": {"aud": "613315108060-8non11c47j57296ht6cum7vdi3t7ka4a.apps.googleusercontent.com", "azp": "613315108060-8non11c47j57296ht6cum7vdi3t7ka4a.apps.googleusercontent.com", "exp": 1769762118, "iat": 1769758518, "iss": "https://accounts.google.com", "sub": "113185446951137603408", "name": "Артём Башура", "email": "artembasura1@gmail.com", "at_hash": "xVWsqv7m6abY6MUFrLFLwg", "picture": "https://lh3.googleusercontent.com/a/ACg8ocI_zbxZEijn2EZl5dbHhw0Ft15McHLxy-6L6g1lI0vo_GPFmw=s96-c", "given_name": "Артём", "family_name": "Башура", "email_verified": true}}}, {"model": "socialaccount.socialaccount", "pk": 2, "fields": {"user": 4, "provider": "yandex", "uid": "2048253525", "last_login": "2026-01-30T06:58:06.697Z", "date_joined": "2026-01-30T06:58:06.697Z", "extra_data": {"id": "2048253525", "sex": null, "login": "nphne-xo5j2liy", "psuid": "1.AA9Jug.2Toij4I-GjYxdbU8engzZw.eNMDL_bPB4yHb71AbAloqw", "emails": [], "client_id": "c39e426527db43a6ad9cc0aee089b55f", "last_name": "Bashura", "real_name": "Artem Bashura", "first_name": "Artem", "display_name": "Artem Bashura", "default_email": ""}}}, {"model": "socialaccount.socialaccount", "pk": 3, "fields": {"user": 5, "provider": "google", "uid": "112766478020627696797", "last_login": "2026-02-02T05:39:21.855Z", "date_joined": "2026-01-30T07:18:57.626Z", "extra_data": {"aud": "613315108060-8non11c47j57296ht6cum7vdi3t7ka4a.apps.googleusercontent.com", "azp": "613315108060-8non11c47j57296ht6cum7vdi3t7ka4a.apps.googleusercontent.com", "exp": 1770014362, "iat": 1770010762, "iss": "https://accounts.google.com", "sub": "112766478020627696797", "name": "Artem", "email": "artembasuraa@gmail.com", "at_hash": "PnSYgfUr4vVDAGU4FaeYoQ", "picture": "https://lh3.googleusercontent.com/a/ACg8ocJBJ5SzYKl7sFCSYg2S7ya4-bk-ZPp_kVTfbOJtjLjaa3NgXQ=s96-c", "given_name": "Artem", "email_verified": true}}}, {"model": "socialaccount.socialaccount", "pk": 4, "fields": {"user": 6, "provider": "yandex", "uid": "2159966474", "last_login": "2026-01-30T10:42:21.682Z", "date_joined": "2026-01-30T10:42:01.550Z", "extra_data": {"id": "2159966474", "sex": "male", "login": "Artembashura", "psuid": "1.AA9Jug.Y3gU9x2z3WLzsqVfA1Gn4w.4XRBPQYIhlJRI5w2A6kACQ", "emails": ["Artembashura@yandex.by"], "client_id": "c39e426527db43a6ad9cc0aee089b55f", "last_name": "Башура", "real_name": "Артем Башура", "first_name": "Артем", "display_name": "Artembashura", "default_email": "Artembashura@yandex.by"}}}, {"model": "products.productcategory", "pk": 1, "fields": {"name": "Электротехника", "slug": "elektrotehnika"}}, {"model": "products.productcategory", "pk": 2, "fields": {"name": "Мебель", "slug": "mebel"}}, {"model": "products.productcategory", "pk": 3, "fields": {"name": "Спорттовары", "slug": "sporttovary"}}, {"model": "products.productcategory", "pk": 4, "fields": {"name": "Одежда", "slug": "odezhda"}}, {"model": "products.productcategory", "pk": 5, "fields": {"name": "Все товары", "slug": "all"}}, {"model": "products.city", "pk": 1, "fields": {"name": "Минск", "slug": "minsk"}}, {"model": "products.city", "pk": 2, "fields": {"name": "Брест", "slug": "brest"}}, {"model": "products.city", "pk": 3, "fields": {"name": "Гродно", "slug": "grodno"}}, {"model": "products.city", "pk": 4, "fields": {"name": "Гомель", "slug": "gomel"}}, {"model": "products.city", "pk": 5, "fields": {"name": "Витебск", "slug": "vitebsk"}}, {"model": "products.city", "pk": 6, "fields": {"name": "Могилев", "slug": "mogilev"}}, {"model": "products.city", "pk": 7, "fields": {"name": "Любой город", "slug": "all_cities"}}, {"model": "products.product", "pk": 1, "fields": {"name": "Беговая дорожка Fitness Pro X200", "slug": "product-fitness-pro-x200-1", "category": 1, "description": "Профессиональная беговая дорожка с 15 программами тренировок, максимальной скоростью 20 км/ч и наклоном до 15%. LCD-дисплей, датчик пульса, складная конструкция.", "price": "100.00", "discount": 12, "user": 1, "city": 1, "creation_date": "2026-01-30"}}, {"model": "products.product", "pk": 2, "fields": {"name": "Гантельный набор PowerGym 20кг", "slug": "gantelnyj-nabor-powergym-20kg", "category": 3, "description": "Разборные гантели с обрезиненными блинами, хромированные замки, удобные ручки с противоскользящим покрытием.", "price": "56.00", "discount": 0, "user": 1, "city": 1, "creation_date": "2026-01-30"}}, {"model": "products.product", "pk": 3, "fields": {"name": "Диван-кровать \"Комфорт\"", "slug": "divan-krovat-komfort", "category": 2, "description": "Раскладной диван с механизмом \"еврокнижка\", обивка - износостойкий велюр, наполнитель - пружинный блок и ППУ, размер спального места 200х160 см.", "price": "330.00", "discount": 11, "user": 1, "city": 1, "creation_date": "2026-01-30"}}, {"model": "products.product", "pk": 4, "fields": {"name": "Компьютерный стол \"Техно\"", "slug": "kompyuternyj-stol-tehno", "category": 2, "description": "Мужской костюм-двойка из шерсти, приталенный силуэт, подкладка вискоза, цвет темно-синий.", "price": "134.00", "discount": null, "user": 1, "city": 1, "creation_date": "2026-01-30"}}, {"model": "products.product", "pk": 5, "fields": {"name": "Смартфон TechPro X12", "slug": "smartfon-techpro-x12", "category": 1, "description": "6.7\" AMOLED экран, процессор 8 ядер, 8GB RAM, 128GB память, камера 108MP, быстрая зарядка 65Вт.", "price": "129.00", "discount": 4, "user": 1, "city": 1, "creation_date": "2026-01-30"}}, {"model": "products.product", "pk": 6, "fields": {"name": "Микроволновая печь HomeChef", "slug": "mikrovolnovaya-pech-homechef", "category": 1, "description": "Объем 23л, мощность 800Вт, 8 режимов работы, функция разморозки, электронное управление.", "price": "12.00", "discount": 3, "user": 1, "city": 1, "creation_date": "2026-01-30"}}, {"model": "products.product", "pk": 7, "fields": {"name": "Кофемашина BaristaPro", "slug": "kofemashina-baristapro", "category": 1, "description": "Автоматическая кофемашина с капучинатором, давление 15 бар, контейнер для зерен 250г, съемный резервуар для воды 1.8л.", "price": "39.00", "discount": 1, "user": 1, "city": 1, "creation_date": "2026-01-30"}}, {"model": "products.product", "pk": 8, "fields": {"name": "Зимняя куртка Arctic Pro", "slug": "zimnyaya-kurtka-arctic-pro", "category": 4, "description": "Утепленная куртка с мембраной, водонепроницаемость 10000мм, капюшон на молнии, четыре кармана, светоотражающие элементы.", "price": "56.00", "discount": 2, "user": 1, "city": 1, "creation_date": "2026-01-30"}}, {"model": "products.product", "pk": 9, "fields": {"name": "Деловой костюм \"Бизнес\"", "slug": "delovoj-kostyum-biznes", "category": 4, "description": "Мужской костюм-двойка из шерсти, приталенный силуэт, подкладка вискоза, цвет темно-синий.", "price": "234.00", "discount": null, "user": 1, "city": 1, "creation_date": "2026-01-30"}}, {"model": "products.productimage", "pk": 1, "fields": {"product": 9, "image": "product_images/suit_1.jpg", "is_main": true}}, {"model": "products.productimage", "pk": 2, "fields": {"product": 9, "image": "product_images/suit_2.jpg", "is_main": false}}, {"model": "products.productimage", "pk": 3, "fields": {"product": 9, "image": "product_images/suit_3.jpg", "is_main": false}}, {"model": "products.productimage", "pk": 4, "fields": {"product": 8, "image": "product_images/kurtka-1.jpg", "is_main": true}}, {"model": "products.productimage", "pk": 5, "fields": {"product": 8, "image": "product_images/kurtka-2.jpg", "is_main": false}}, {"model": "products.productimage", "pk": 6, "fields": {"product": 8, "image": "product_images/kurtka-3.jpg", "is_main": false}}, {"model": "products.productimage", "pk": 7, "fields": {"product": 7, "image": "product_images/coffemachine-1.jpg", "is_main": true}}, {"model": "products.productimage", "pk": 8, "fields": {"product": 7, "image": "product_images/coffemachine-2.jpg", "is_main": false}}, {"model": "products.productimage", "pk": 9, "fields": {"product": 7, "image": "product_images/coffemachine-3.jpg", "is_main": false}}, {"model": "products.productimage", "pk": 10, "fields": {"product": 6, "image": "product_images/microwave-1.jpg", "is_main": true}}, {"model": "products.productimage", "pk": 11, "fields": {"product": 6, "image": "product_images/microwave-2.jpg", "is_main": false}}, {"model": "products.productimage", "pk": 12, "fields": {"product": 6, "image": "product_images/microwave-3.jpg", "is_main": false}}, {"model": "products.productimage", "pk": 13, "fields": {"product": 5, "image": "product_images/phone-1.jpg", "is_main": true}}, {"model": "products.productimage", "pk": 14, "fields": {"product": 5, "image": "product_images/phone-2.jpg", "is_main": false}}, {"model": "products.productimage", "pk": 15, "fields": {"product": 5, "image": "product_images/phone-3.jpg", "is_main": false}}, {"model": "products.productimage", "pk": 16, "fields": {"product": 4, "image": "product_images/stol-1.jpg", "is_main": true}}, {"model": "products.productimage", "pk": 17, "fields": {"product": 4, "image": "product_images/stol-2.jpg", "is_main": false}}, {"model": "products.productimage", "pk": 18, "fields": {"product": 4, "image": "product_images/stol-3.jpg", "is_main": false}}, {"model": "products.productimage", "pk": 19, "fields": {"product": 3, "image": "product_images/sofa-1.jpg", "is_main": true}}, {"model": "products.productimage", "pk": 20, "fields": {"product": 3, "image": "product_images/sofa-2.jpg", "is_main": false}}, {"model": "products.productimage", "pk": 21, "fields": {"product": 3, "image": "product_images/sofa-3.jpg", "is_main": false}}, {"model": "products.productimage", "pk": 22, "fields": {"product": 2, "image": "product_images/gym-1.jpg", "is_main": true}}, {"model": "products.productimage", "pk": 23, "fields": {"product": 2, "image": "product_images/gym-2.jpg", "is_main": false}}, {"model": "products.productimage", "pk": 24, "fields": {"product": 2, "image": "product_images/gym-3.jpg", "is_main": false}}, {"model": "products.productimage", "pk": 25, "fields": {"product": 1, "image": "product_images/run-1.jpg", "is_main": true}}, {"model": "products.productimage", "pk": 26, "fields": {"product": 1, "image": "product_images/run-2.jpg", "is_main": false}}, {"model": "products.productimage", "pk": 27, "fields": {"product": 1, "image": "product_images/run-3.jpg", "is_main": false}}, {"model": "users.user", "pk": 1, "fields": {"password": "pbkdf2_sha256$1200000$zCBLb7d7AOjwx37Wn9ARVM$Rgc1lmd348Pp1BeOHgkKCWLL9K6kXplDSZgLwZ4byDI=", "last_login": "2026-02-02T06:18:34.618Z", "is_superuser": true, "username": "root", "first_name": "", "last_name": "", "email": "", "is_staff": true, "is_active": true, "date_joined": "2026-01-28T11:08:42.426Z", "middle_name": null, "phone": "", "profile_description": null, "avatar": "", "groups": [], "user_permissions": []}}, {"model": "users.user", "pk": 2, "fields": {"password": "pbkdf2_sha256$1200000$ogKSzaUNn3uqwQgSWvWmzF$l4gFMSSL1GLDQKlIaYnzaPDBCQNSZrr2/Vi9OOP2/Fk=", "last_login": "2026-02-02T06:17:37.076Z", "is_superuser": false, "username": "artemdjdj", "first_name": "Артем", "last_name": "Башура", "email": "artembashuraa@gmail.com", "is_staff": false, "is_active": true, "date_joined": "2026-01-29T06:55:22Z", "middle_name": "Олегович", "phone": "+375 29 323-37-99", "profile_description": "Пользователь", "avatar": "users_images/freepik__app-icon-with-simple-shopping-bag-silhouette-bold-__62250.png", "groups": [], "user_permissions": []}}, {"model": "users.user", "pk": 3, "fields": {"password": "!6oQpFeJN7iY50TtKJvgeMmggtZ3lUQY85YWz40EU", "last_login": "2026-01-30T07:35:18.845Z", "is_superuser": false, "username": "artembasura1", "first_name": "Артём", "last_name": "Башура", "email": "artembasura1@gmail.com", "is_staff": false, "is_active": true, "date_joined": "2026-01-30T06:49:24.197Z", "middle_name": null, "phone": "", "profile_description": null, "avatar": "", "groups": [], "user_permissions": []}}, {"model": "users.user", "pk": 4, "fields": {"password": "!ZNSfltH53Zx6X7DEkeqf4QA4C5QU6de9LhPKog3u", "last_login": "2026-01-30T06:58:07.553Z", "is_superuser": false, "username": "arte", "first_name": "Artem", "last_name": "Bashura", "email": "rivikiwi.startup@gmail.com", "is_staff": false, "is_active": true, "date_joined": "2026-01-30T06:57:40.816Z", "middle_name": null, "phone": "", "profile_description": null, "avatar": "", "groups": [], "user_permissions": []}}, {"model": "users.user", "pk": 5, "fields": {"password": "!qucGI2sta9UP9vEvOTnyLKgj5y6dnsUmqFqUIEN8", "last_login": "2026-02-02T05:39:21.861Z", "is_superuser": false, "username": "artem", "first_name": "Artem", "last_name": "", "email": "artembasuraa@gmail.com", "is_staff": false, "is_active": true, "date_joined": "2026-01-30T07:18:57.613Z", "middle_name": null, "phone": "", "profile_description": null, "avatar": "", "groups": [], "user_permissions": []}}, {"model": "users.user", "pk": 6, "fields": {"password": "!OaaXKMWfovapGrJy6n6SpCbi0U0FFltj9JJvFsNx", "last_login": "2026-01-30T10:42:21.690Z", "is_superuser": false, "username": "Artembashura", "first_name": "Артем", "last_name": "Башура", "email": "artembashura@yandex.by", "is_staff": false, "is_active": true, "date_joined": "2026-01-30T10:42:01.539Z", "middle_name": null, "phone": "", "profile_description": null, "avatar": "", "groups": [], "user_permissions": []}}]
